record_time,air_pres,air_temp,water_temp,wind_dir,wind_speed
2014-03-08 07:49:01,1024.3,-0.4,4.7,144.0,2.2
2014-03-08 07:50:01,1024.3,-0.3,4.7,145.0,2.0
2014-03-08 07:51:01,1024.2,-0.4,4.7,145.0,2.1
2014-03-08 07:52:01,1024.2,-0.3,4.7,144.0,2.4
2014-03-08 07:55:01,1024.2,-0.3,4.7,157.0,2.0
2014-03-08 07:56:01,1024.3,-0.3,4.7,156.0,2.0
2014-03-08 07:57:01,1024.3,-0.3,4.7,156.0,1.8
2014-03-08 07:58:01,1024.3,-0.3,4.7,154.0,2.0
2014-03-08 07:59:01,1024.3,-0.3,4.7,159.0,2.0
2014-03-08 08:00:01,1024.3,-0.3,4.7,158.0,2.2
2014-03-08 08:01:01,1024.3,-0.3,4.7,156.0,2.2
2014-03-08 08:02:01,1024.3,-0.4,4.7,154.0,2.4
2014-03-08 08:03:01,1024.3,-0.4,4.7,152.0,2.2
2014-03-08 08:04:01,1024.3,-0.3,4.7,149.0,2.2
2014-03-08 08:05:01,1024.3,-0.3,4.7,138.0,2.1
2014-03-08 08:06:01,1024.3,-0.4,4.7,143.0,2.5
2014-03-08 08:07:01,1024.3,-0.4,4.7,144.0,2.4
2014-03-08 08:08:01,1024.3,-0.4,4.7,141.0,2.0
2014-03-08 08:09:01,1024.3,-0.4,4.6,138.0,2.4
2014-03-08 08:10:01,1024.3,-0.3,4.6,141.0,2.2
2014-03-08 08:11:01,1024.3,-0.3,4.6,138.0,2.2
2014-03-08 08:12:01,1024.3,-0.3,4.6,133.0,2.4
2014-03-08 08:13:01,1024.3,-0.3,4.6,132.0,2.0
2014-03-08 08:14:01,1024.3,-0.3,4.6,140.0,2.4
2014-03-08 08:15:01,1024.3,-0.3,4.6,140.0,2.4
2014-03-08 08:16:01,1024.2,-0.3,4.6,138.0,2.3
2014-03-08 08:17:01,1024.3,-0.2,4.6,136.0,2.4
2014-03-08 08:18:01,1024.2,-0.2,4.6,143.0,2.3
2014-03-08 08:19:01,1024.2,-0.2,4.6,137.0,2.4
2014-03-08 08:20:01,1024.2,-0.2,4.6,132.0,2.6
2014-03-08 08:21:01,1024.2,-0.2,4.6,135.0,2.7
2014-03-08 08:22:01,1024.3,-0.1,4.6,135.0,2.6
2014-03-08 08:23:01,1024.3,0.0,4.6,139.0,2.0
2014-03-08 08:24:01,1024.3,0.0,4.6,144.0,2.2
2014-03-08 08:25:01,1024.3,0.0,4.6,148.0,2.1
2014-03-08 08:26:01,1024.5,0.0,4.6,143.0,2.4
2014-03-08 08:27:01,1024.5,0.0,4.6,143.0,2.1
2014-03-08 08:28:01,1024.3,0.0,4.6,150.0,2.7
2014-03-08 08:29:01,1024.3,0.0,4.6,149.0,2.7
2014-03-08 08:30:01,1024.3,0.0,4.6,147.0,2.8
2014-03-08 08:31:01,1024.3,0.0,4.6,144.0,3.0
2014-03-08 08:32:01,1024.3,0.0,4.6,152.0,3.1
2014-03-08 08:33:01,1024.5,-0.1,4.6,147.0,3.4
2014-03-08 08:34:01,1024.3,-0.1,4.6,148.0,3.1
2014-03-08 08:35:01,1024.3,0.0,4.6,142.0,2.5
2014-03-08 08:36:01,1024.5,0.0,4.6,145.0,2.4
2014-03-08 08:37:01,1024.5,0.1,4.6,144.0,2.3
2014-03-08 08:38:01,1024.5,0.0,4.6,150.0,2.4
2014-03-08 08:39:01,1024.5,0.1,4.6,146.0,2.1
2014-03-08 08:40:01,1024.5,0.1,4.6,146.0,2.0
2014-03-08 08:41:01,1024.5,0.1,4.6,150.0,2.5
2014-03-08 08:42:01,1024.5,0.1,4.6,144.0,2.6
2014-03-08 08:43:01,1024.5,0.1,4.6,148.0,2.1
2014-03-08 08:44:01,1024.5,0.2,4.6,138.0,2.0
2014-03-08 08:45:01,1024.5,0.2,4.6,138.0,2.1
2014-03-08 08:46:01,1024.3,0.1,4.6,140.0,2.5
2014-03-08 08:47:01,1024.3,0.2,4.6,144.0,2.6
2014-03-08 08:48:01,1024.5,0.2,4.6,151.0,2.2
2014-03-08 08:49:01,1024.3,0.2,4.6,148.0,2.0
2014-03-08 08:50:01,1024.5,0.3,4.6,149.0,1.9
2014-03-08 08:51:01,1024.5,0.2,4.6,140.0,2.3
2014-03-08 08:52:01,1024.5,0.2,4.6,147.0,2.3
2014-03-08 08:53:01,1024.3,0.2,4.6,151.0,2.4
2014-03-08 08:54:01,1024.3,0.2,4.6,152.0,2.2
2014-03-08 08:55:01,1024.3,0.2,4.6,154.0,2.0
2014-03-08 08:56:01,1024.3,0.2,4.6,155.0,2.4
2014-03-08 08:57:01,1024.3,0.2,4.6,157.0,2.4
2014-03-08 08:58:01,1024.3,0.3,4.6,152.0,1.9
2014-03-08 08:59:01,1024.2,0.3,4.6,142.0,2.0
2014-03-08 09:00:01,1024.2,0.4,4.6,155.0,1.7
2014-03-08 09:01:01,1024.2,0.4,4.6,143.0,1.7
2014-03-08 09:02:01,1024.2,0.4,4.6,145.0,1.7
2014-03-08 09:03:01,1024.3,0.4,4.6,146.0,1.7
2014-03-08 09:04:01,1024.2,0.5,4.6,144.0,1.6
2014-03-08 09:05:01,1024.2,0.4,4.6,139.0,1.9
2014-03-08 09:06:01,1024.2,0.5,4.6,142.0,1.3
2014-03-08 09:07:01,1024.2,0.4,4.6,142.0,1.6
2014-03-08 09:08:01,1024.2,0.5,4.6,139.0,1.7
2014-03-08 09:09:01,1024.2,0.5,4.6,138.0,1.4
2014-03-08 09:10:01,1024.2,0.6,4.6,136.0,1.3
2014-03-08 09:11:01,1024.2,0.6,4.6,140.0,1.2
2014-03-08 09:12:01,1024.2,0.6,4.6,144.0,1.2
2014-03-08 09:13:01,1024.2,0.6,4.6,134.0,1.3
2014-03-08 09:14:01,1024.2,0.6,4.6,130.0,1.1
2014-03-08 09:15:01,1024.2,0.7,4.6,137.0,1.0
2014-03-08 09:16:01,1024.2,0.7,4.6,143.0,1.2
2014-03-08 09:17:01,1024.2,0.7,4.6,146.0,1.3
2014-03-08 09:18:01,1024.0,0.8,4.6,140.0,1.3
2014-03-08 09:19:01,1024.0,0.8,4.6,161.0,1.6
2014-03-08 09:20:01,1024.0,0.8,4.6,163.0,1.5
2014-03-08 09:21:01,1024.0,0.7,4.6,161.0,1.7
2014-03-08 09:22:01,1024.0,0.7,4.6,167.0,1.7
2014-03-08 09:23:01,1024.0,0.8,4.6,170.0,1.3
2014-03-08 09:24:01,1024.0,0.8,4.6,167.0,1.7
2014-03-08 09:25:01,1024.0,0.7,4.6,148.0,1.7
2014-03-08 09:26:01,1024.0,0.8,4.6,146.0,1.7
2014-03-08 09:27:01,1024.0,0.8,4.6,163.0,1.4
2014-03-08 09:28:01,1024.0,0.8,4.6,160.0,1.5
2014-03-08 09:29:01,1024.0,0.9,4.6,151.0,1.3
2014-03-08 09:30:01,1024.0,0.8,4.6,152.0,1.4
2014-03-08 09:31:01,1024.0,0.9,4.6,156.0,1.5
2014-03-08 09:32:01,1024.0,1.0,4.6,175.0,1.4
2014-03-08 09:33:01,1024.0,1.0,4.6,163.0,1.7
2014-03-08 09:34:01,1024.0,1.1,4.6,170.0,1.2
2014-03-08 09:35:01,1024.0,1.0,4.6,159.0,1.6
2014-03-08 09:36:01,1024.0,1.0,4.6,157.0,1.1
2014-03-08 09:37:01,1024.0,1.0,4.6,155.0,1.2
2014-03-08 09:38:01,1024.0,1.0,4.6,158.0,1.4
2014-03-08 09:39:01,1024.0,1.0,4.6,139.0,1.3
2014-03-08 09:40:01,1023.8,1.1,4.6,147.0,1.2
2014-03-08 09:41:01,1024.0,1.1,4.6,161.0,1.6
2014-03-08 09:42:01,1024.0,1.2,4.6,174.0,1.0
2014-03-08 09:43:01,1023.8,1.2,4.6,177.0,1.0
2014-03-08 09:44:01,1023.8,1.2,4.6,175.0,1.2
2014-03-08 09:45:01,1023.8,1.3,4.6,171.0,1.1
2014-03-08 09:46:01,1024.0,1.3,4.6,177.0,1.1
2014-03-08 09:47:01,1023.8,1.4,4.6,186.0,1.0
2014-03-08 09:48:01,1023.8,1.4,4.6,184.0,1.6
2014-03-08 09:49:01,1023.8,1.4,4.6,184.0,1.2
2014-03-08 09:50:01,1023.8,1.4,4.6,188.0,1.3
2014-03-08 09:51:01,1024.5,1.6,4.6,183.0,1.0
2014-03-08 09:52:01,1023.7,1.6,4.1,181.0,0.6
2014-03-08 09:53:01,1024.0,1.5,4.2,181.0,0.6
2014-03-08 09:54:01,1023.8,1.5,4.2,195.0,0.6
2014-03-08 09:55:01,1024.2,1.5,4.3,196.0,0.6
2014-03-08 09:56:01,1024.0,1.5,4.3,200.0,0.9
2014-03-08 09:57:01,1024.2,1.5,4.3,205.0,1.3
2014-03-08 09:58:01,1024.2,1.4,4.3,203.0,1.5
2014-03-08 09:59:01,1024.0,1.3,4.3,202.0,1.4
2014-03-08 10:00:01,1024.0,1.3,4.3,206.0,1.4
2014-03-08 10:01:01,1024.2,1.4,4.3,206.0,1.4
2014-03-08 10:02:01,1024.0,1.3,4.3,209.0,1.4
2014-03-08 10:03:01,1024.2,1.3,4.3,212.0,1.7
2014-03-08 10:04:01,1024.2,1.4,4.3,217.0,1.5
2014-03-08 10:05:01,1024.0,1.4,4.3,221.0,1.3
2014-03-08 10:06:01,1024.2,1.4,4.3,210.0,1.5
2014-03-08 10:07:01,1024.2,1.5,4.3,190.0,1.5
2014-03-08 10:08:01,1024.0,1.4,4.3,195.0,1.8
2014-03-08 10:09:01,1024.0,1.4,4.3,199.0,1.4
2014-03-08 10:10:01,1024.0,1.3,4.6,199.0,1.4
2014-03-08 10:11:01,1024.0,1.4,4.6,203.0,1.1
2014-03-08 10:12:01,1023.8,1.5,4.6,191.0,1.4
2014-03-08 10:13:01,1023.8,1.4,4.6,199.0,1.6
2014-03-08 10:14:01,1024.0,1.4,4.6,187.0,2.0
2014-03-08 10:15:01,1024.0,1.3,4.6,199.0,2.0
2014-03-08 10:16:01,1024.0,1.4,4.6,205.0,1.6
2014-03-08 10:17:01,1024.0,1.3,4.6,199.0,1.8
2014-03-08 10:18:01,1024.0,1.3,4.6,201.0,1.6
2014-03-08 10:19:01,1023.8,1.4,4.6,209.0,1.2
2014-03-08 10:20:01,1024.0,1.4,4.6,195.0,1.6
2014-03-08 10:21:01,1024.0,1.4,4.6,193.0,1.7
2014-03-08 10:22:01,1024.0,1.4,4.6,193.0,2.3
2014-03-08 10:23:01,1024.0,1.4,4.6,195.0,1.7
2014-03-08 10:24:01,1024.0,1.4,4.6,200.0,1.8
2014-03-08 10:25:01,1023.8,1.3,4.6,199.0,2.3
2014-03-08 10:26:01,1024.0,1.4,4.6,197.0,2.0
2014-03-08 10:27:01,1023.8,1.4,4.6,203.0,2.0
2014-03-08 10:28:01,1023.8,1.4,4.6,195.0,2.0
2014-03-08 10:29:01,1023.8,1.4,4.6,196.0,1.8
2014-03-08 10:30:01,1023.8,1.4,4.6,198.0,2.1
2014-03-08 10:31:01,1024.0,1.4,4.6,188.0,2.2
2014-03-08 10:32:01,1023.8,1.5,4.6,183.0,1.9
2014-03-08 10:33:01,1023.8,1.5,4.6,189.0,2.0
2014-03-08 10:34:01,1023.8,1.5,4.6,191.0,1.7
2014-03-08 10:35:01,1023.8,1.5,4.6,191.0,2.0
2014-03-08 10:36:01,1023.8,1.5,4.6,190.0,1.7
2014-03-08 10:37:01,1023.8,1.4,4.6,198.0,1.7
2014-03-08 10:38:01,1023.8,1.5,4.6,194.0,2.1
2014-03-08 10:39:01,1023.8,1.5,4.6,195.0,1.9
2014-03-08 10:40:01,1023.8,1.6,4.6,191.0,1.7
2014-03-08 10:41:01,1023.8,1.7,4.6,187.0,1.6
2014-03-08 10:42:01,1023.8,1.7,4.6,180.0,1.4
2014-03-08 10:43:01,1023.8,1.7,4.6,189.0,2.0
2014-03-08 10:44:01,1023.8,1.7,4.6,193.0,1.7
2014-03-08 10:45:01,1023.8,1.6,4.6,194.0,1.7
2014-03-08 10:46:01,1023.8,1.7,4.6,200.0,1.8
2014-03-08 10:47:01,1023.8,1.6,4.6,189.0,2.0
2014-03-08 10:48:01,1023.8,1.5,4.6,198.0,2.0
2014-03-08 10:49:01,1023.8,1.5,4.6,197.0,2.0
2014-03-08 10:50:01,1023.8,1.5,4.6,196.0,1.7
2014-03-08 10:51:01,1023.8,1.6,4.6,197.0,1.5
2014-03-08 10:52:01,1023.8,1.6,4.6,192.0,1.9
2014-03-08 10:53:01,1023.8,1.7,4.6,189.0,1.5
2014-03-08 10:54:01,1023.8,1.8,4.6,175.0,1.6
2014-03-08 10:55:01,1023.8,1.8,4.6,175.0,1.7
2014-03-08 10:56:01,1023.7,1.8,4.6,185.0,1.8
2014-03-08 10:57:01,1023.7,1.8,4.6,185.0,2.5
2014-03-08 10:58:01,1023.7,1.9,4.6,182.0,2.1
2014-03-08 10:59:01,1023.7,1.9,4.6,180.0,2.0
2014-03-08 11:00:01,1023.7,1.9,4.6,176.0,2.0
2014-03-08 11:01:01,1023.7,1.9,4.6,162.0,1.7
2014-03-08 11:02:01,1023.7,2.0,4.6,175.0,2.0
2014-03-08 11:03:01,1023.7,1.9,4.6,177.0,2.0
2014-03-08 11:04:01,1023.7,1.9,4.6,172.0,2.0
2014-03-08 11:05:01,1023.7,1.9,4.6,178.0,1.9
2014-03-08 11:06:01,1023.7,2.0,4.6,190.0,1.2
2014-03-08 11:07:01,1023.7,2.1,4.6,184.0,1.7
2014-03-08 11:08:01,1023.7,2.1,4.6,178.0,1.9
2014-03-08 11:09:01,1023.7,2.1,4.6,176.0,2.0
2014-03-08 11:10:01,1023.7,2.1,4.6,177.0,2.5
2014-03-08 11:11:01,1023.8,2.1,4.6,180.0,2.2
2014-03-08 11:12:01,1023.8,2.2,4.6,180.0,1.7
2014-03-08 11:13:01,1023.8,2.1,4.6,184.0,2.4
2014-03-08 11:14:01,1023.7,2.1,4.6,180.0,2.1
2014-03-08 11:15:01,1023.8,2.0,4.6,191.0,2.0
2014-03-08 11:16:01,1023.8,2.0,4.6,184.0,2.2
2014-03-08 11:17:01,1023.8,2.0,4.6,200.0,1.6
2014-03-08 11:18:01,1023.8,2.1,4.6,180.0,2.2
2014-03-08 11:19:01,1023.8,2.1,4.6,181.0,2.4
2014-03-08 11:20:01,1023.8,2.1,4.6,183.0,2.7
2014-03-08 11:21:01,1023.8,2.0,4.6,199.0,2.4
2014-03-08 11:22:01,1023.8,2.0,4.6,187.0,2.0
2014-03-08 11:23:01,1023.8,2.0,4.6,180.0,2.2
2014-03-08 11:24:01,1023.8,2.1,4.6,181.0,2.4
2014-03-08 11:25:01,1023.8,1.9,4.6,193.0,2.1
2014-03-08 11:26:01,1023.8,2.0,4.6,188.0,2.5
2014-03-08 11:27:01,1023.8,2.0,4.6,173.0,2.6
2014-03-08 11:28:01,1023.8,2.1,4.6,188.0,3.0
2014-03-08 11:29:01,1023.8,2.1,4.6,185.0,2.8
2014-03-08 11:30:01,1024.0,2.1,4.6,192.0,2.5
2014-03-08 11:31:01,1023.8,2.1,4.6,192.0,2.4
2014-03-08 11:32:01,1023.8,2.0,4.6,203.0,2.4
2014-03-08 11:33:01,1023.8,2.1,4.6,216.0,1.7
2014-03-08 11:34:01,1023.8,2.1,4.6,197.0,2.0
2014-03-08 11:35:01,1023.8,2.1,4.6,196.0,2.2
2014-03-08 11:36:01,1023.8,2.2,4.6,195.0,2.0
2014-03-08 11:37:01,1023.8,2.2,4.6,184.0,1.9
2014-03-08 11:38:01,1023.8,2.2,4.6,172.0,2.2
2014-03-08 11:39:01,1023.8,2.2,4.6,164.0,2.2
2014-03-08 11:40:01,1023.8,2.3,4.6,177.0,3.2
2014-03-08 11:41:01,1023.7,2.3,4.6,181.0,2.7
2014-03-08 11:42:01,1023.7,2.1,4.6,177.0,2.8
2014-03-08 11:43:01,1023.7,2.1,4.6,168.0,3.0
2014-03-08 11:44:01,1023.7,2.2,4.6,169.0,2.6
2014-03-08 11:45:01,1023.7,2.4,4.6,183.0,2.4
2014-03-08 11:46:01,1023.7,2.2,4.6,200.0,2.6
2014-03-08 11:47:01,1023.7,2.3,4.7,192.0,2.5
2014-03-08 11:48:01,1023.7,2.3,4.7,197.0,2.8
2014-03-08 11:49:01,1023.7,2.4,4.7,185.0,2.0
2014-03-08 11:50:01,1023.7,2.5,4.7,175.0,2.4
2014-03-08 11:51:01,1023.7,2.5,4.7,185.0,2.1
2014-03-08 11:52:01,1023.7,2.3,4.7,168.0,2.7
2014-03-08 11:53:01,1023.7,2.3,4.7,175.0,2.9
2014-03-08 11:54:01,1023.7,2.3,4.7,191.0,3.2
2014-03-08 11:55:01,1023.7,2.4,4.7,191.0,2.7
2014-03-08 11:56:01,1023.7,2.4,4.7,182.0,2.7
2014-03-08 11:57:01,1023.7,2.1,4.7,193.0,3.5
2014-03-08 11:58:01,1023.7,2.2,4.7,209.0,2.2
2014-03-08 11:59:01,1023.7,2.2,4.7,191.0,2.6
2014-03-08 12:00:01,1023.7,2.2,4.7,207.0,3.0
2014-03-08 12:01:01,1023.7,2.1,4.7,212.0,2.7
2014-03-08 12:02:01,1023.7,2.1,4.7,227.0,2.4
2014-03-08 12:03:01,1023.7,2.2,4.7,229.0,2.1
2014-03-08 12:04:01,1023.7,2.1,4.7,212.0,2.7
2014-03-08 12:05:01,1023.7,2.1,4.7,208.0,3.2
2014-03-08 12:06:01,1023.7,2.2,4.7,210.0,2.9
2014-03-08 12:07:01,1023.7,2.1,4.7,217.0,3.1
2014-03-08 12:08:01,1023.7,2.2,4.7,236.0,3.1
2014-03-08 12:09:01,1023.7,2.2,4.7,220.0,3.0
2014-03-08 12:10:01,1023.7,2.3,4.7,208.0,3.1
2014-03-08 12:11:01,1023.8,2.3,4.7,209.0,3.1
2014-03-08 12:12:01,1023.8,2.3,4.7,208.0,2.4
2014-03-08 12:13:01,1023.7,2.3,4.7,217.0,2.4
2014-03-08 12:14:01,1023.7,2.4,4.7,213.0,2.9
2014-03-08 12:15:01,1023.7,2.1,4.7,243.0,4.5
2014-03-08 12:16:01,1023.7,2.2,4.7,247.0,3.6
2014-03-08 12:17:01,1023.7,2.1,4.7,238.0,3.9
2014-03-08 12:18:01,1023.7,2.1,4.7,233.0,3.6
2014-03-08 12:19:01,1023.7,2.2,4.7,235.0,3.1
2014-03-08 12:20:01,1023.7,2.2,4.7,240.0,3.8
2014-03-08 12:21:01,1023.7,2.1,4.7,244.0,4.0
2014-03-08 12:22:01,1023.7,2.0,4.7,231.0,3.9
2014-03-08 12:23:01,1023.7,2.2,4.7,229.0,3.6
2014-03-08 12:24:01,1023.7,2.1,4.7,241.0,4.6
2014-03-08 12:25:01,1023.7,2.1,4.7,241.0,4.7
2014-03-08 12:26:01,1023.7,2.2,4.7,244.0,4.3
2014-03-08 12:27:01,1023.8,2.2,4.7,251.0,4.9
2014-03-08 12:28:01,1023.7,2.1,4.7,244.0,4.4
2014-03-08 12:29:01,1023.7,2.1,4.7,243.0,4.7
2014-03-08 12:30:01,1023.8,2.1,4.7,249.0,4.8
2014-03-08 12:31:01,1023.7,2.1,4.7,243.0,4.7
2014-03-08 12:32:01,1023.7,2.1,4.7,240.0,4.7
2014-03-08 12:33:01,1023.7,2.1,4.7,238.0,4.5
2014-03-08 12:34:01,1023.7,2.1,4.7,243.0,4.8
2014-03-08 12:35:01,1023.7,2.1,4.7,244.0,5.3
2014-03-08 12:36:01,1023.7,2.2,4.7,240.0,4.5
2014-03-08 12:37:01,1023.5,2.2,4.7,244.0,4.8
2014-03-08 12:38:01,1023.5,2.1,4.7,242.0,4.8
2014-03-08 12:39:01,1023.5,2.2,4.7,233.0,4.5
2014-03-08 12:40:01,1023.5,2.3,4.7,232.0,4.1
2014-03-08 12:41:01,1023.5,2.3,4.7,235.0,4.8
2014-03-08 12:42:01,1023.5,2.3,4.7,241.0,4.9
2014-03-08 12:43:01,1023.5,2.3,4.7,235.0,4.7
2014-03-08 12:44:01,1023.5,2.3,4.7,241.0,5.3
2014-03-08 12:45:01,1023.3,2.2,4.7,246.0,5.6
2014-03-08 12:46:01,1023.5,2.3,4.7,249.0,5.4
2014-03-08 12:47:01,1023.3,2.3,4.7,257.0,5.2
2014-03-08 12:48:01,1023.3,2.3,4.7,264.0,5.7
2014-03-08 12:49:01,1023.3,2.3,4.7,261.0,5.8
2014-03-08 12:50:01,1023.3,2.2,4.7,254.0,5.4
2014-03-08 12:51:01,1023.3,2.4,4.7,252.0,5.2
2014-03-08 12:52:01,1023.2,2.4,4.7,261.0,5.5
2014-03-08 12:53:01,1023.2,2.2,4.7,262.0,5.5
2014-03-08 12:54:01,1023.2,2.4,4.7,253.0,5.0
2014-03-08 12:55:01,1023.2,2.2,4.7,258.0,5.5
2014-03-08 12:56:01,1023.3,2.3,4.7,254.0,5.4
2014-03-08 12:57:01,1023.3,2.4,4.7,257.0,5.5
2014-03-08 12:58:01,1023.3,2.4,4.7,256.0,5.8
2014-03-08 12:59:01,1023.3,2.3,4.7,262.0,5.5
2014-03-08 13:00:01,1023.3,2.3,4.7,259.0,5.5
2014-03-08 13:01:01,1023.3,2.4,4.7,262.0,5.5
2014-03-08 13:02:01,1023.3,2.4,4.7,261.0,5.3
2014-03-08 13:03:01,1023.2,2.5,4.7,258.0,4.5
2014-03-08 13:04:01,1023.2,2.4,4.7,261.0,4.9
2014-03-08 13:05:01,1023.2,2.5,4.7,258.0,4.8
2014-03-08 13:06:01,1023.2,2.4,4.7,268.0,4.8
2014-03-08 13:07:01,1023.2,2.4,4.7,264.0,4.6
2014-03-08 13:08:01,1023.2,2.5,4.7,265.0,4.2
2014-03-08 13:09:01,1023.2,2.5,4.7,261.0,4.8
2014-03-08 13:10:01,1023.0,2.5,4.7,260.0,4.5
2014-03-08 13:11:01,1023.0,2.4,4.7,266.0,4.8
2014-03-08 13:12:01,1023.0,2.4,4.7,273.0,5.2
2014-03-08 13:13:01,1023.0,2.4,4.7,264.0,5.2
2014-03-08 13:14:01,1023.0,2.5,4.7,264.0,4.5
2014-03-08 13:15:01,1023.0,2.5,4.7,258.0,4.9
2014-03-08 13:16:01,1022.8,2.5,4.7,255.0,5.2
2014-03-08 13:17:01,1023.0,2.5,4.7,266.0,4.8
2014-03-08 13:18:01,1022.8,2.5,4.7,260.0,4.7
2014-03-08 13:19:01,1022.8,2.5,4.7,265.0,4.4
2014-03-08 13:20:01,1022.8,2.5,4.7,268.0,4.7
2014-03-08 13:21:01,1022.8,2.5,4.7,265.0,4.7
2014-03-08 13:22:01,1022.8,2.5,4.7,264.0,5.1
2014-03-08 13:23:01,1022.8,2.5,4.7,260.0,5.1
2014-03-08 13:24:01,1022.7,2.4,4.7,273.0,5.1
2014-03-08 13:25:01,1022.7,2.4,4.7,275.0,4.4
2014-03-08 13:26:01,1022.7,2.3,4.7,279.0,4.1
2014-03-08 13:27:01,1022.7,2.4,4.7,270.0,4.1
2014-03-08 13:28:01,1022.7,2.5,4.7,271.0,4.8
2014-03-08 13:29:01,1022.7,2.4,4.7,270.0,5.2
2014-03-08 13:30:01,1022.7,2.5,4.7,264.0,5.2
2014-03-08 13:31:01,1022.5,2.4,4.7,269.0,5.0
2014-03-08 13:32:01,1022.5,2.4,4.8,271.0,4.7
2014-03-08 13:33:01,1022.5,2.5,4.8,267.0,4.5
2014-03-08 13:34:01,1022.3,2.5,4.8,269.0,5.1
2014-03-08 13:35:01,1022.3,2.5,4.8,264.0,5.0
2014-03-08 13:36:01,1022.3,2.4,4.8,265.0,4.7
2014-03-08 13:37:01,1022.3,2.4,4.8,272.0,5.1
2014-03-08 13:38:01,1022.5,2.5,4.8,267.0,4.8
2014-03-08 13:39:01,1022.5,2.5,4.8,270.0,4.8
2014-03-08 13:40:01,1022.5,2.5,4.8,269.0,4.7
2014-03-08 13:41:01,1022.5,2.6,4.8,270.0,4.5
2014-03-08 13:42:01,1022.5,2.6,4.8,262.0,4.5
2014-03-08 13:43:01,1022.5,2.5,4.8,260.0,4.8
2014-03-08 13:44:01,1022.3,2.6,4.8,258.0,4.4
2014-03-08 13:45:01,1022.3,2.7,4.8,259.0,4.5
2014-03-08 13:46:01,1022.3,2.5,4.8,264.0,4.9
2014-03-08 13:47:01,1022.3,2.6,4.8,255.0,4.9
2014-03-08 13:48:01,1022.3,2.6,4.8,259.0,4.8
2014-03-08 13:49:01,1022.3,2.6,4.8,264.0,4.5
2014-03-08 13:50:01,1022.3,2.6,4.8,250.0,4.4
2014-03-08 13:51:01,1022.1,2.6,4.8,252.0,4.3
2014-03-08 13:52:01,1022.1,2.6,4.8,252.0,4.4
2014-03-08 13:53:01,1022.1,2.6,4.8,254.0,5.1
2014-03-08 13:54:01,1022.3,2.5,4.8,254.0,5.1
2014-03-08 13:55:01,1022.1,2.5,4.8,253.0,5.0
2014-03-08 13:56:01,1022.1,2.5,4.8,248.0,5.4
2014-03-08 13:57:01,1022.1,2.5,4.8,252.0,5.2
2014-03-08 13:58:01,1022.1,2.5,4.8,248.0,5.2
2014-03-08 13:59:01,1022.1,2.7,4.8,253.0,5.1
2014-03-08 14:00:01,1022.1,2.5,4.8,257.0,5.0
2014-03-08 14:01:01,1022.1,2.6,4.8,250.0,4.7
2014-03-08 14:02:01,1022.0,2.7,4.8,252.0,4.5
2014-03-08 14:03:01,1022.0,2.6,4.8,252.0,5.0
2014-03-08 14:04:01,1022.0,2.6,4.8,254.0,5.0
2014-03-08 14:05:01,1022.0,2.7,4.8,246.0,5.0
2014-03-08 14:06:01,1022.0,2.6,4.8,252.0,5.0
2014-03-08 14:07:01,1022.0,2.7,4.8,258.0,4.9
2014-03-08 14:08:01,1021.8,2.5,4.8,244.0,4.9
2014-03-08 14:09:01,1021.8,2.6,4.8,246.0,4.7
2014-03-08 14:10:01,1021.8,2.6,4.8,245.0,4.8
2014-03-08 14:11:01,1021.8,2.5,4.8,242.0,4.8
2014-03-08 14:12:01,1021.8,2.6,4.8,245.0,4.8
2014-03-08 14:13:01,1021.8,2.7,4.8,257.0,4.8
2014-03-08 14:14:01,1021.8,2.6,4.8,250.0,4.8
2014-03-08 14:15:01,1021.6,2.7,4.9,252.0,5.2
2014-03-08 14:16:01,1021.6,2.6,4.9,255.0,4.8
2014-03-08 14:17:01,1021.6,2.5,4.9,249.0,5.2
2014-03-08 14:18:01,1021.6,2.7,4.9,255.0,5.1
2014-03-08 14:19:01,1021.8,2.6,4.9,252.0,4.8
2014-03-08 14:20:01,1021.6,2.5,4.9,246.0,5.0
2014-03-08 14:21:01,1021.6,2.5,4.9,250.0,5.5
2014-03-08 14:22:01,1021.6,2.5,4.9,245.0,5.0
2014-03-08 14:23:01,1021.6,2.6,4.9,242.0,4.8
2014-03-08 14:24:01,1021.6,2.7,4.9,244.0,5.0
2014-03-08 14:25:01,1021.6,2.6,4.9,251.0,5.4
2014-03-08 14:26:01,1021.6,2.7,4.9,247.0,5.0
2014-03-08 14:27:01,1021.6,2.7,4.9,248.0,5.1
2014-03-08 14:28:01,1021.6,2.7,4.9,245.0,5.2
2014-03-08 14:29:01,1021.5,2.6,4.9,243.0,5.2
2014-03-08 14:30:01,1021.5,2.8,4.9,251.0,5.2
2014-03-08 14:31:01,1021.5,2.7,4.9,244.0,4.8
2014-03-08 14:32:01,1021.5,2.7,4.9,249.0,4.9
2014-03-08 14:33:01,1021.5,2.7,4.9,249.0,5.5
2014-03-08 14:34:01,1021.5,2.7,4.9,247.0,5.4
2014-03-08 14:35:01,1021.5,2.6,4.9,251.0,5.5
2014-03-08 14:36:01,1021.5,2.7,4.9,249.0,5.1
2014-03-08 14:37:01,1021.5,2.8,4.9,248.0,5.0
2014-03-08 14:38:01,1021.5,2.6,4.9,253.0,5.7
2014-03-08 14:39:01,1021.3,2.6,4.9,246.0,5.6
2014-03-08 14:40:01,1021.3,2.8,4.9,251.0,5.5
2014-03-08 14:41:01,1021.3,2.6,4.9,257.0,6.1
2014-03-08 14:42:01,1021.3,2.6,4.9,252.0,5.6
2014-03-08 14:43:01,1021.3,2.7,4.9,249.0,5.1
2014-03-08 14:44:01,1021.3,2.6,4.9,249.0,5.1
2014-03-08 14:45:01,1021.3,2.6,4.9,247.0,5.3
2014-03-08 14:46:01,1021.3,2.7,4.9,251.0,5.3
2014-03-08 14:47:01,1021.1,2.5,4.9,253.0,6.2
2014-03-08 14:48:01,1021.1,2.5,4.9,254.0,6.2
2014-03-08 14:49:01,1021.1,2.5,4.9,247.0,5.8
2014-03-08 14:50:01,1021.1,2.5,4.9,252.0,5.5
2014-03-08 14:51:01,1021.1,2.5,4.9,250.0,5.3
2014-03-08 14:52:01,1021.0,2.5,4.9,247.0,5.7
2014-03-08 14:53:01,1021.1,2.5,4.9,255.0,5.8
2014-03-08 14:54:01,1021.1,2.4,4.9,255.0,5.2
2014-03-08 14:55:01,1021.0,2.4,4.9,254.0,5.3
2014-03-08 14:56:01,1021.0,2.4,4.9,254.0,5.7
2014-03-08 14:57:01,1021.0,2.4,4.9,254.0,5.7
2014-03-08 14:58:01,1021.0,2.5,4.9,255.0,5.3
2014-03-08 14:59:01,1021.0,2.5,4.9,255.0,5.1
2014-03-08 15:00:01,1021.0,2.4,4.9,259.0,5.5
2014-03-08 15:01:01,1021.0,2.5,4.9,254.0,5.5
2014-03-08 15:02:01,1021.0,2.5,4.9,259.0,4.4
2014-03-08 15:03:01,1021.0,2.7,4.9,284.0,3.4
2014-03-08 15:04:01,1020.8,2.9,4.9,312.0,4.1
2014-03-08 15:05:01,1020.8,2.8,4.9,298.0,4.8
2014-03-08 15:06:01,1020.8,2.7,4.9,301.0,5.3
2014-03-08 15:07:01,1020.8,2.8,4.9,306.0,5.0
2014-03-08 15:08:01,1020.8,2.8,4.9,308.0,4.9
2014-03-08 15:09:01,1020.8,2.9,4.9,296.0,4.5
2014-03-08 15:10:01,1020.8,2.8,4.9,306.0,4.8
2014-03-08 15:11:01,1020.8,2.7,4.9,303.0,4.8
2014-03-08 15:12:01,1020.8,2.7,4.9,300.0,5.0
2014-03-08 15:13:01,1020.8,2.9,4.9,300.0,5.0
2014-03-08 15:14:01,1020.8,2.9,4.9,294.0,4.6
2014-03-08 15:15:01,1020.8,2.8,4.9,298.0,5.2
2014-03-08 15:16:01,1020.8,2.7,4.9,299.0,5.5
2014-03-08 15:17:01,1020.8,2.7,4.9,301.0,4.6
2014-03-08 15:18:01,1020.8,2.8,4.9,299.0,4.1
2014-03-08 15:19:01,1020.8,2.7,4.9,305.0,4.5
2014-03-08 15:20:01,1020.6,2.9,4.9,302.0,4.2
2014-03-08 15:21:01,1020.6,2.8,4.9,302.0,4.8
2014-03-08 15:22:01,1020.6,2.8,4.9,304.0,4.4
2014-03-08 15:23:01,1020.6,2.8,4.9,303.0,4.0
2014-03-08 15:24:01,1020.8,2.7,4.9,311.0,4.5
2014-03-08 15:25:01,1020.8,2.7,4.9,304.0,3.8
2014-03-08 15:26:01,1020.6,2.8,4.9,298.0,3.8
2014-03-08 15:27:01,1020.6,2.8,4.9,300.0,4.1
2014-03-08 15:28:01,1020.6,2.8,4.9,308.0,4.5
2014-03-08 15:29:01,1020.6,2.8,4.9,300.0,4.6
2014-03-08 15:30:01,1020.8,2.7,4.9,304.0,4.9
2014-03-08 15:31:01,1020.6,2.9,4.9,297.0,4.1
2014-03-08 15:32:01,1020.6,2.9,4.9,299.0,4.2
2014-03-08 15:33:01,1020.6,2.9,4.9,287.0,5.2
2014-03-08 15:34:01,1020.6,2.9,4.9,296.0,4.9
2014-03-08 15:35:01,1020.6,2.9,4.9,296.0,4.5
2014-03-08 15:36:01,1020.6,2.9,4.9,292.0,4.5
2014-03-08 15:37:01,1020.6,3.0,4.9,284.0,4.9
2014-03-08 15:38:01,1020.6,2.9,4.9,300.0,5.0
2014-03-08 15:39:01,1020.6,2.9,4.9,291.0,5.1
2014-03-08 15:40:01,1020.6,2.9,4.9,292.0,4.7
2014-03-08 15:41:01,1020.6,2.9,4.9,296.0,5.0
2014-03-08 15:42:01,1020.6,2.8,5.0,296.0,4.7
2014-03-08 15:43:01,1020.6,3.0,5.0,292.0,3.9
2014-03-08 15:44:01,1020.6,2.9,5.0,283.0,4.9
2014-03-08 15:45:01,1020.5,2.9,5.0,291.0,4.8
2014-03-08 15:46:01,1020.5,2.9,5.0,300.0,4.8
2014-03-08 15:47:01,1020.5,2.9,5.0,283.0,5.3
2014-03-08 15:48:01,1020.5,2.9,5.0,284.0,5.5
2014-03-08 15:49:01,1020.5,2.9,5.0,290.0,4.8
2014-03-08 15:50:01,1020.5,2.9,5.0,289.0,4.5
2014-03-08 15:51:01,1020.5,3.0,5.0,281.0,4.5
2014-03-08 15:52:01,1020.5,2.9,5.0,291.0,5.1
2014-03-08 15:53:01,1020.5,2.9,5.0,285.0,5.0
2014-03-08 15:54:01,1020.5,2.9,5.0,286.0,4.8
2014-03-08 15:55:01,1020.5,2.9,5.0,291.0,3.8
2014-03-08 15:56:01,1020.5,3.0,5.0,286.0,4.1
2014-03-08 15:57:01,1020.5,2.9,5.0,283.0,5.2
2014-03-08 15:58:01,1020.5,3.0,5.0,276.0,5.2
2014-03-08 15:59:01,1020.5,3.0,5.0,278.0,4.8
2014-03-08 16:00:01,1020.5,3.0,5.0,275.0,4.5
2014-03-08 16:01:01,1020.5,3.0,5.0,272.0,4.1
2014-03-08 16:02:01,1020.5,3.1,5.0,272.0,4.4
2014-03-08 16:03:01,1020.5,3.1,5.0,271.0,4.4
2014-03-08 16:04:01,1020.5,3.0,5.0,296.0,4.5
2014-03-08 16:05:01,1020.5,3.0,5.0,287.0,4.8
2014-03-08 16:06:01,1020.5,3.0,5.0,273.0,5.1
2014-03-08 16:07:01,1020.5,3.0,5.0,284.0,4.8
2014-03-08 16:08:01,1020.5,3.0,5.0,280.0,4.1
2014-03-08 16:09:01,1020.5,3.1,5.0,271.0,4.4
2014-03-08 16:10:01,1020.5,3.1,5.0,283.0,4.6
2014-03-08 16:11:01,1020.5,3.0,5.0,280.0,4.5
2014-03-08 16:12:01,1020.5,3.0,5.0,282.0,5.2
2014-03-08 16:13:01,1020.5,3.0,5.0,286.0,4.6
2014-03-08 16:14:01,1020.5,3.0,5.0,281.0,4.3
2014-03-08 16:15:01,1020.5,3.0,5.0,278.0,4.5
2014-03-08 16:16:01,1020.5,3.0,5.0,284.0,4.7
2014-03-08 16:17:01,1020.5,3.0,5.0,283.0,4.2
2014-03-08 16:18:01,1020.5,3.1,5.0,282.0,3.9
2014-03-08 16:19:01,1020.5,3.1,5.0,289.0,4.1
2014-03-08 16:20:01,1020.5,3.2,5.0,283.0,3.9
2014-03-08 16:21:01,1020.5,3.2,5.0,282.0,4.1
2014-03-08 16:22:01,1020.5,3.0,5.0,287.0,4.5
2014-03-08 16:23:01,1020.5,3.0,5.0,296.0,3.8
2014-03-08 16:24:01,1020.3,3.0,5.0,289.0,4.1
2014-03-08 16:25:01,1020.5,3.0,5.0,290.0,4.7
2014-03-08 16:26:01,1020.3,3.0,5.0,296.0,4.3
2014-03-08 16:27:01,1020.3,3.0,5.0,291.0,3.8
2014-03-08 16:28:01,1020.5,3.1,5.0,283.0,4.0
2014-03-08 16:29:01,1020.3,3.2,5.0,280.0,4.3
2014-03-08 16:30:01,1020.5,3.3,5.0,280.0,4.1
2014-03-08 16:31:01,1020.5,3.1,5.0,287.0,4.2
2014-03-08 16:32:01,1020.5,3.2,5.0,293.0,3.7
2014-03-08 16:33:01,1020.3,3.2,5.0,291.0,3.9
2014-03-08 16:34:01,1020.5,3.2,5.0,279.0,4.1
2014-03-08 16:35:01,1020.3,3.1,5.0,281.0,4.2
2014-03-08 16:36:01,1020.5,3.1,5.0,287.0,4.0
2014-03-08 16:37:01,1020.5,3.1,5.0,295.0,3.6
2014-03-08 16:38:01,1020.5,3.2,5.0,292.0,3.4
2014-03-08 16:39:01,1020.3,3.1,5.0,281.0,3.9
2014-03-08 16:40:01,1020.3,3.2,5.0,281.0,4.3
2014-03-08 16:41:01,1020.5,3.1,5.0,279.0,4.1
2014-03-08 16:42:01,1020.3,3.2,5.0,280.0,3.8
2014-03-08 16:43:01,1020.3,3.2,5.0,280.0,3.7
2014-03-08 16:44:01,1020.5,3.2,5.0,286.0,4.0
2014-03-08 16:45:01,1020.5,3.2,5.0,274.0,4.1
2014-03-08 16:46:01,1020.3,3.2,5.0,274.0,3.8
2014-03-08 16:47:01,1020.5,3.2,5.0,274.0,4.0
2014-03-08 16:48:01,1020.5,3.1,5.0,272.0,4.4
2014-03-08 16:49:01,1020.3,3.0,5.0,259.0,4.5
2014-03-08 16:50:01,1020.3,3.0,5.0,265.0,4.5
2014-03-08 16:51:01,1020.5,2.8,5.0,261.0,4.2
2014-03-08 16:52:01,1020.3,2.9,5.0,274.0,4.2
2014-03-08 16:53:01,1020.3,2.9,5.0,278.0,5.2
2014-03-08 16:54:01,1020.3,2.7,5.0,252.0,5.4
2014-03-08 16:55:01,1020.3,2.6,5.0,252.0,5.5
2014-03-08 16:56:01,1020.3,2.6,5.0,254.0,5.2
2014-03-08 16:57:01,1020.3,2.5,5.0,252.0,5.7
2014-03-08 16:58:01,1020.3,2.5,5.0,251.0,5.5
2014-03-08 16:59:01,1020.3,2.5,5.0,256.0,5.8
2014-03-08 17:00:01,1020.3,2.5,5.0,259.0,5.2
2014-03-08 17:01:01,1020.3,2.5,5.0,254.0,5.8
2014-03-08 17:02:01,1020.3,2.5,5.0,253.0,5.8
2014-03-08 17:03:01,1020.3,2.5,5.0,252.0,5.7
2014-03-08 17:04:01,1020.3,2.5,5.0,248.0,5.5
2014-03-08 17:05:01,1020.1,2.5,5.0,254.0,4.9
2014-03-08 17:06:01,1020.3,2.7,5.0,274.0,4.9
2014-03-08 17:07:01,1020.3,2.5,5.0,259.0,5.0
2014-03-08 17:08:01,1020.1,2.5,5.0,254.0,5.2
2014-03-08 17:09:01,1020.1,2.5,5.0,260.0,5.2
2014-03-08 17:10:01,1020.1,2.4,5.0,257.0,5.4
2014-03-08 17:11:01,1020.1,2.4,5.0,255.0,5.7
2014-03-08 17:12:01,1020.1,2.3,5.0,254.0,5.5
2014-03-08 17:13:01,1020.3,2.3,5.0,255.0,5.6
2014-03-08 17:14:01,1020.1,2.3,5.0,251.0,5.4
2014-03-08 17:15:01,1020.1,2.3,5.0,255.0,5.4
2014-03-08 17:16:01,1020.1,2.3,5.0,251.0,5.3
2014-03-08 17:17:01,1020.1,2.3,5.0,249.0,5.3
2014-03-08 17:18:01,1020.1,2.4,5.0,250.0,5.5
2014-03-08 17:19:01,1020.1,2.4,5.0,255.0,5.2
2014-03-08 17:20:01,1020.1,2.3,5.0,256.0,5.5
2014-03-08 17:21:01,1020.1,2.4,5.0,254.0,5.8
2014-03-08 17:22:01,1020.1,2.4,5.0,254.0,5.5
2014-03-08 17:23:01,1020.1,2.3,5.0,254.0,5.6
2014-03-08 17:24:01,1020.1,2.2,5.0,255.0,6.2
2014-03-08 17:25:01,1020.1,2.2,5.0,252.0,5.9
6.2,1.6,4.8,317.0,4.1
2014-03-08 00:45:01,1026.2,1.7,4.8,311.0,3.9
2014-03-08 00:46:01,1026.2,1.6,4.8,306.0,3.4
2014-03-08 00:47:01,1026.2,1.6,4.8,307.0,4.1
2014-03-08 00:48:01,1026.2,1.6,4.8,312.0,4.2
2014-03-08 00:49:01,1026.0,1.6,4.8,310.0,4.0
2014-03-08 00:50:01,1026.2,1.7,4.8,316.0,4.0
2014-03-08 00:51:01,1026.0,1.6,4.8,314.0,3.9
2014-03-08 00:52:01,1026.2,1.6,4.8,311.0,4.1
2014-03-08 00:53:01,1026.2,1.7,4.8,310.0,4.1
2014-03-08 00:54:01,1026.2,1.6,4.8,313.0,3.6
2014-03-08 00:55:01,1026.2,1.6,4.8,310.0,4.1
2014-03-08 00:56:01,1026.2,1.6,4.8,314.0,3.8
2014-03-08 00:57:01,1026.2,1.7,4.8,314.0,3.6
2014-03-08 00:58:01,1026.2,1.6,4.8,315.0,3.6
2014-03-08 00:59:01,1026.2,1.7,4.8,311.0,3.6
2014-03-08 01:00:01,1026.2,1.6,4.8,315.0,3.9
2014-03-08 01:01:01,1026.2,1.6,4.8,312.0,3.6
2014-03-08 01:02:01,1026.2,1.6,4.8,312.0,3.5
2014-03-08 01:03:01,1026.0,1.5,4.8,320.0,3.5
2014-03-08 01:04:01,1026.0,1.6,4.8,318.0,3.7
2014-03-08 01:05:01,1026.0,1.5,4.8,321.0,3.4
2014-03-08 01:06:01,1026.0,1.6,4.8,319.0,3.2
2014-03-08 01:07:01,1026.2,1.5,4.8,325.0,3.5
2014-03-08 01:08:01,1026.0,1.5,4.8,323.0,3.6
2014-03-08 01:09:01,1026.0,1.5,4.8,323.0,3.4
2014-03-08 01:10:01,1026.0,1.5,4.8,328.0,3.3
2014-03-08 01:11:01,1026.0,1.6,4.8,323.0,3.2
2014-03-08 01:12:01,1026.0,1.6,4.8,326.0,3.4
2014-03-08 01:13:01,1026.0,1.6,4.8,326.0,3.4
2014-03-08 01:14:01,1026.0,1.5,4.8,324.0,3.1
2014-03-08 01:15:01,1026.0,1.5,4.8,326.0,3.5
2014-03-08 01:16:01,1026.2,1.6,4.8,321.0,3.2
2014-03-08 01:17:01,1026.2,1.5,4.8,328.0,3.1
2014-03-08 01:18:01,1026.0,1.5,4.8,323.0,3.1
2014-03-08 01:19:01,1026.2,1.6,4.8,316.0,3.0
2014-03-08 01:20:01,1026.2,1.5,4.8,326.0,3.1
2014-03-08 01:21:01,1026.2,1.6,4.8,328.0,3.2
2014-03-08 01:22:01,1026.2,1.5,4.8,326.0,3.1
2014-03-08 01:23:01,1026.2,1.5,4.8,323.0,3.2
2014-03-08 01:24:01,1026.2,1.5,4.8,321.0,3.0
2014-03-08 01:25:01,1026.2,1.5,4.8,321.0,3.4
2014-03-08 01:26:01,1026.2,1.5,4.8,315.0,3.1
2014-03-08 01:27:01,1026.2,1.5,4.8,319.0,2.7
2014-03-08 01:28:01,1026.2,1.5,4.8,323.0,3.1
2014-03-08 01:29:01,1026.2,1.5,4.8,322.0,2.6
2014-03-08 01:30:01,1026.2,1.5,4.8,316.0,2.7
2014-03-08 01:31:01,1026.2,1.6,4.8,317.0,2.4
2014-03-08 01:32:01,1026.2,1.5,4.8,323.0,2.5
2014-03-08 01:33:01,1026.2,1.5,4.8,328.0,2.7
2014-03-08 01:34:01,1026.2,1.5,4.8,327.0,3.0
2014-03-08 01:35:01,1026.2,1.5,4.8,328.0,3.3
2014-03-08 01:36:01,1026.2,1.5,4.8,322.0,2.6
2014-03-08 01:37:01,1026.2,1.5,4.8,327.0,3.0
2014-03-08 01:38:01,1026.2,1.5,4.8,330.0,3.0
2014-03-08 01:39:01,1026.2,1.5,4.8,331.0,2.8
2014-03-08 01:40:01,1026.2,1.5,4.8,330.0,2.9
2014-03-08 01:41:01,1026.2,1.5,4.8,334.0,3.0
2014-03-08 01:42:01,1026.2,1.5,4.8,340.0,3.0
2014-03-08 01:43:01,1026.2,1.5,4.8,335.0,2.7
2014-03-08 01:44:01,1026.2,1.5,4.8,329.0,2.4
2014-03-08 01:45:01,1026.2,1.5,4.8,339.0,2.6
2014-03-08 01:46:01,1026.2,1.5,4.8,338.0,2.5
2014-03-08 01:47:01,1026.2,1.5,4.8,334.0,2.5
2014-03-08 01:48:01,1026.2,1.5,4.8,337.0,3.0
2014-03-08 01:49:01,1026.0,1.5,4.8,331.0,2.7
2014-03-08 01:50:01,1026.0,1.5,4.8,335.0,2.6
2014-03-08 01:51:01,1026.0,1.5,4.8,337.0,2.7
2014-03-08 01:52:01,1026.0,1.5,4.8,328.0,2.7
2014-03-08 01:53:01,1026.0,1.5,4.8,337.0,2.7
2014-03-08 01:54:01,1026.0,1.5,4.8,337.0,2.7
2014-03-08 01:55:01,1026.0,1.5,4.8,334.0,2.5
2014-03-08 01:56:01,1026.0,1.5,4.8,339.0,2.7
2014-03-08 01:57:01,1026.0,1.5,4.8,331.0,2.6
2014-03-08 01:58:01,1026.0,1.5,4.8,335.0,2.5
2014-03-08 01:59:01,1026.0,1.5,4.8,339.0,2.7
2014-03-08 02:00:01,1026.0,1.5,4.8,336.0,2.5
2014-03-08 02:01:01,1026.0,1.5,4.8,335.0,2.4
2014-03-08 02:02:01,1026.0,1.5,4.8,335.0,2.4
2014-03-08 02:03:01,1026.0,1.5,4.8,332.0,2.2
2014-03-08 02:04:01,1026.0,1.5,4.8,336.0,2.4
2014-03-08 02:05:01,1026.0,1.5,4.8,333.0,2.3
2014-03-08 02:06:01,1026.0,1.5,4.8,341.0,2.5
2014-03-08 02:07:01,1026.0,1.5,4.8,338.0,2.4
2014-03-08 02:08:01,1026.0,1.5,4.8,341.0,2.4
2014-03-08 02:09:01,1026.0,1.5,4.8,334.0,2.4
2014-03-08 02:10:01,1026.0,1.5,4.8,336.0,2.6
2014-03-08 02:11:01,1026.0,1.4,4.8,335.0,2.7
2014-03-08 02:12:01,1026.0,1.5,4.8,330.0,2.4
2014-03-08 02:13:01,1026.0,1.5,4.8,324.0,2.0
2014-03-08 02:14:01,1026.0,1.5,4.8,323.0,1.7
2014-03-08 02:15:01,1026.0,1.5,4.8,322.0,1.8
2014-03-08 02:16:01,1026.0,1.5,4.8,321.0,1.9
2014-03-08 02:17:01,1026.0,1.5,4.8,330.0,2.1
2014-03-08 02:18:01,1026.0,1.5,4.8,326.0,2.4
2014-03-08 02:19:01,1026.0,1.5,4.8,328.0,2.2
2014-03-08 02:20:01,1026.0,1.4,4.8,333.0,2.3
2014-03-08 02:21:01,1026.0,1.5,4.8,333.0,2.2
2014-03-08 02:22:01,1026.0,1.4,4.8,331.0,2.5
2014-03-08 02:23:01,1026.0,1.5,4.8,322.0,2.5
2014-03-08 02:24:01,1026.0,1.5,4.8,313.0,2.0
2014-03-08 02:25:01,1026.0,1.5,4.8,323.0,2.2
2014-03-08 02:26:01,1026.0,1.5,4.8,321.0,2.2
2014-03-08 02:27:01,1026.0,1.4,4.8,319.0,2.3
2014-03-08 02:28:01,1026.0,1.4,4.8,314.0,2.2
2014-03-08 02:29:01,1026.0,1.4,4.8,318.0,2.1
2014-03-08 02:30:01,1026.0,1.4,4.8,323.0,2.2
2014-03-08 02:31:01,1026.0,1.5,4.8,311.0,2.1
2014-03-08 02:32:01,1026.2,1.5,4.8,305.0,2.1
2014-03-08 02:33:01,1026.2,1.4,4.8,308.0,2.3
2014-03-08 02:34:01,1026.0,1.4,4.8,311.0,2.1
2014-03-08 02:35:01,1026.2,1.4,4.8,308.0,2.0
2014-03-08 02:36:01,1026.2,1.4,4.8,313.0,1.9
2014-03-08 02:37:01,1026.2,1.3,4.8,316.0,2.0
2014-03-08 02:38:01,1026.0,1.3,4.8,310.0,1.7
2014-03-08 02:39:01,1026.0,1.3,4.8,308.0,1.8
2014-03-08 02:40:01,1026.0,1.3,4.8,316.0,1.8
2014-03-08 02:41:01,1026.0,1.3,4.8,315.0,1.7
2014-03-08 02:42:01,1025.9,1.3,4.8,318.0,1.7
2014-03-08 02:43:01,1025.9,1.2,4.8,323.0,1.5
2014-03-08 02:44:01,1025.9,1.2,4.8,317.0,1.6
2014-03-08 02:45:01,1025.9,1.3,4.8,314.0,1.4
2014-03-08 02:46:01,1025.9,1.3,4.8,320.0,1.5
2014-03-08 02:47:01,1025.9,1.3,4.8,313.0,1.6
2014-03-08 02:48:01,1025.9,1.3,4.8,311.0,1.5
2014-03-08 02:49:01,1025.9,1.3,4.8,305.0,1.7
2014-03-08 02:50:01,1025.9,1.2,4.8,317.0,1.6
2014-03-08 02:51:01,1025.9,1.2,4.8,319.0,1.5
2014-03-08 02:52:01,1025.9,1.2,4.8,314.0,1.3
2014-03-08 02:53:01,1025.9,1.3,4.8,320.0,1.7
2014-03-08 02:54:01,1025.9,1.2,4.8,325.0,1.7
2014-03-08 02:55:01,1025.7,1.2,4.8,319.0,1.4
2014-03-08 02:56:01,1025.7,1.3,4.8,311.0,1.4
2014-03-08 02:57:01,1025.7,1.2,4.8,328.0,1.3
2014-03-08 02:58:01,1025.7,1.2,4.8,325.0,1.4
2014-03-08 02:59:01,1025.7,1.2,4.8,332.0,1.5
2014-03-08 03:00:01,1025.7,1.2,4.8,329.0,1.7
2014-03-08 03:01:01,1025.7,1.2,4.8,327.0,2.0
2014-03-08 03:02:01,1025.7,1.2,4.8,317.0,1.7
2014-03-08 03:03:01,1025.7,1.2,4.8,325.0,1.6
2014-03-08 03:04:01,1025.5,1.2,4.8,325.0,1.7
2014-03-08 03:05:01,1025.5,1.2,4.8,325.0,1.6
2014-03-08 03:06:01,1025.5,1.2,4.8,325.0,1.7
2014-03-08 03:07:01,1025.5,1.2,4.8,331.0,1.6
2014-03-08 03:08:01,1025.5,1.2,4.8,338.0,1.7
2014-03-08 03:09:01,1025.5,1.2,4.8,330.0,2.2
2014-03-08 03:10:01,1025.5,1.2,4.8,337.0,2.0
2014-03-08 03:11:01,1025.5,1.1,4.8,339.0,2.0
2014-03-08 03:12:01,1025.5,1.2,4.8,332.0,2.1
2014-03-08 03:13:01,1025.5,1.2,4.8,342.0,2.0
2014-03-08 03:14:01,1025.5,1.1,4.8,343.0,2.2
2014-03-08 03:15:01,1025.5,1.1,4.8,339.0,2.4
2014-03-08 03:16:01,1025.5,1.1,4.8,335.0,1.9
2014-03-08 03:17:01,1025.5,1.1,4.8,338.0,2.0
2014-03-08 03:18:01,1025.5,1.1,4.8,338.0,2.0
2014-03-08 03:19:01,1025.5,1.1,4.8,339.0,2.4
2014-03-08 03:20:01,1025.5,1.1,4.8,341.0,2.3
2014-03-08 03:21:01,1025.5,1.0,4.8,334.0,2.4
2014-03-08 03:22:01,1025.3,1.1,4.8,337.0,2.4
2014-03-08 03:23:01,1025.3,1.0,4.8,332.0,2.3
2014-03-08 03:24:01,1025.3,1.1,4.8,332.0,2.1
2014-03-08 03:25:01,1025.3,1.1,4.8,335.0,2.1
2014-03-08 03:26:01,1025.3,1.1,4.8,337.0,2.2
2014-03-08 03:27:01,1025.3,1.1,4.8,331.0,2.2
2014-03-08 03:28:01,1025.3,1.1,4.8,327.0,1.9
2014-03-08 03:29:01,1025.3,1.2,4.8,330.0,1.8
2014-03-08 03:30:01,1025.3,1.1,4.8,335.0,2.0
2014-03-08 03:31:01,1025.2,1.2,4.8,334.0,1.8
2014-03-08 03:32:01,1025.2,1.2,4.8,335.0,2.0
2014-03-08 03:33:01,1025.2,1.2,4.8,329.0,2.0
2014-03-08 03:34:01,1025.2,1.1,4.8,336.0,2.0
2014-03-08 03:35:01,1025.3,1.1,4.8,342.0,1.9
2014-03-08 03:36:01,1025.2,1.1,4.8,340.0,2.3
2014-03-08 03:37:01,1025.2,1.1,4.8,345.0,2.5
2014-03-08 03:38:01,1025.2,1.1,4.8,337.0,2.6
2014-03-08 03:39:01,1025.2,1.2,4.8,332.0,2.9
2014-03-08 03:40:01,1025.2,1.1,4.8,338.0,2.7
2014-03-08 03:41:01,1025.2,1.1,4.8,339.0,2.6
2014-03-08 03:42:01,1025.2,1.1,4.8,340.0,2.7
2014-03-08 03:43:01,1025.2,1.1,4.8,335.0,2.7
2014-03-08 03:44:01,1025.2,1.2,4.8,333.0,2.5
2014-03-08 03:45:01,1025.2,1.1,4.8,332.0,2.5
2014-03-08 03:46:01,1025.2,1.1,4.8,337.0,2.6
2014-03-08 03:47:01,1025.2,1.1,4.8,338.0,2.8
2014-03-08 03:48:01,1025.2,1.1,4.8,337.0,2.6
2014-03-08 03:49:01,1025.2,1.1,4.8,333.0,2.4
2014-03-08 03:50:01,1025.2,1.0,4.8,335.0,2.7
2014-03-08 03:51:01,1025.2,1.1,4.8,331.0,2.5
2014-03-08 03:52:01,1025.0,1.0,4.8,331.0,2.5
2014-03-08 03:53:01,1025.2,1.1,4.8,337.0,3.1
2014-03-08 03:54:01,1025.2,1.1,4.8,343.0,2.7
2014-03-08 03:55:01,1025.2,1.1,4.8,344.0,3.0
2014-03-08 03:56:01,1025.0,1.1,4.8,339.0,2.7
2014-03-08 03:57:01,1025.0,1.1,4.8,342.0,2.5
2014-03-08 03:58:01,1025.0,1.0,4.8,334.0,2.7
2014-03-08 03:59:01,1025.0,1.0,4.8,334.0,2.6
2014-03-08 04:00:01,1025.2,1.1,4.8,339.0,2.6
2014-03-08 04:01:01,1025.0,1.0,4.8,340.0,2.7
2014-03-08 04:02:01,1025.2,1.0,4.8,338.0,2.6
2014-03-08 04:03:01,1025.0,1.1,4.8,341.0,2.8
2014-03-08 04:04:01,1025.0,1.0,4.8,335.0,2.7
2014-03-08 04:05:01,1025.0,1.1,4.8,337.0,2.7
2014-03-08 04:06:01,1025.0,1.0,4.8,334.0,2.8
2014-03-08 04:07:01,1025.0,1.0,4.8,331.0,2.9
2014-03-08 04:08:01,1025.0,1.0,4.8,336.0,2.7
2014-03-08 04:09:01,1025.0,1.0,4.8,334.0,2.6
2014-03-08 04:10:01,1025.0,1.0,4.8,327.0,2.7
2014-03-08 04:11:01,1025.0,1.0,4.8,331.0,3.2
2014-03-08 04:12:01,1025.0,1.0,4.8,336.0,2.9
2014-03-08 04:13:01,1025.0,0.9,4.8,331.0,2.9
2014-03-08 04:14:01,1025.0,1.0,4.8,336.0,2.9
2014-03-08 04:15:01,1025.0,1.0,4.8,325.0,3.1
2014-03-08 04:16:01,1025.0,1.0,4.8,327.0,2.8
2014-03-08 04:17:01,1025.0,1.0,4.8,326.0,2.8
2014-03-08 04:18:01,1025.2,0.9,4.8,328.0,3.1
2014-03-08 04:19:01,1025.0,1.0,4.8,323.0,2.7
2014-03-08 04:20:01,1025.0,0.9,4.8,319.0,2.7
2014-03-08 04:21:01,1025.0,0.9,4.8,320.0,2.9
2014-03-08 04:22:01,1025.0,0.9,4.8,326.0,3.0
2014-03-08 04:23:01,1025.0,0.9,4.8,320.0,2.5
2014-03-08 04:24:01,1025.0,0.9,4.8,322.0,2.4
2014-03-08 04:25:01,1025.0,1.0,4.8,319.0,2.4
2014-03-08 04:26:01,1025.0,0.9,4.8,317.0,2.4
2014-03-08 04:27:01,1025.0,0.9,4.8,319.0,2.7
2014-03-08 04:28:01,1025.0,0.9,4.8,335.0,2.4
2014-03-08 04:29:01,1025.0,0.9,4.8,325.0,2.7
2014-03-08 04:30:01,1025.0,0.9,4.8,327.0,2.7
2014-03-08 04:31:01,1025.0,0.9,4.8,317.0,2.7
2014-03-08 04:32:01,1025.0,0.9,4.8,327.0,2.6
2014-03-08 04:33:01,1025.0,0.9,4.8,317.0,2.5
2014-03-08 04:34:01,1025.0,0.8,4.8,308.0,2.5
2014-03-08 04:35:01,1024.8,0.8,4.8,317.0,2.4
2014-03-08 04:36:01,1025.0,0.8,4.8,319.0,2.5
2014-03-08 04:37:01,1024.8,0.9,4.8,321.0,2.4
2014-03-08 04:38:01,1024.8,0.8,4.9,317.0,2.3
2014-03-08 04:39:01,1024.8,0.8,4.9,312.0,2.4
2014-03-08 04:40:01,1024.8,0.8,4.9,316.0,2.3
2014-03-08 04:41:01,1024.8,0.8,4.9,314.0,2.8
2014-03-08 04:42:01,1024.8,0.8,4.9,316.0,2.6
2014-03-08 04:43:01,1024.8,0.8,4.9,319.0,2.5
2014-03-08 04:44:01,1024.8,0.8,4.9,321.0,2.5
2014-03-08 04:45:01,1024.8,0.8,4.9,316.0,2.4
2014-03-08 04:46:01,1024.8,0.8,4.9,317.0,2.5
2014-03-08 04:47:01,1024.8,0.8,4.9,321.0,2.6
2014-03-08 04:48:01,1024.8,0.8,4.9,317.0,2.4
2014-03-08 04:49:01,1024.7,0.7,4.9,324.0,2.2
2014-03-08 04:50:01,1024.8,0.8,4.9,329.0,2.4
2014-03-08 04:51:01,1024.7,0.7,4.9,325.0,2.1
2014-03-08 04:52:01,1024.8,0.8,4.9,321.0,2.0
2014-03-08 04:53:01,1024.7,0.8,4.9,328.0,2.0
2014-03-08 04:54:01,1024.7,0.8,4.9,316.0,2.3
2014-03-08 04:55:01,1024.7,0.8,4.9,325.0,2.3
2014-03-08 04:56:01,1024.7,0.7,4.9,328.0,2.4
2014-03-08 04:57:01,1024.7,0.8,4.9,333.0,2.0
2014-03-08 04:58:01,1024.7,0.7,4.9,326.0,2.3
2014-03-08 04:59:01,1024.7,0.7,4.9,329.0,2.0
2014-03-08 05:00:01,1024.7,0.7,4.9,328.0,2.0
2014-03-08 05:01:01,1024.7,0.8,4.9,329.0,1.9
2014-03-08 05:02:01,1024.7,0.8,4.9,332.0,1.7
2014-03-08 05:03:01,1024.5,0.8,4.9,326.0,2.0
2014-03-08 05:04:01,1024.7,0.8,4.9,333.0,1.8
2014-03-08 05:05:01,1024.5,0.7,4.9,329.0,2.1
2014-03-08 05:06:01,1024.7,0.7,4.9,333.0,2.2
2014-03-08 05:07:01,1024.5,0.6,4.9,329.0,2.3
2014-03-08 05:08:01,1024.5,0.6,4.9,336.0,1.7
2014-03-08 05:09:01,1024.5,0.7,4.9,338.0,1.7
2014-03-08 05:10:01,1024.7,0.6,4.8,339.0,2.0
2014-03-08 05:11:01,1024.7,0.7,4.8,340.0,2.2
2014-03-08 05:12:01,1024.7,0.6,4.8,344.0,1.9
2014-03-08 05:13:01,1024.7,0.7,4.8,343.0,1.7
2014-03-08 05:14:01,1024.7,0.8,4.8,330.0,1.7
2014-03-08 05:15:01,1024.7,0.7,4.8,335.0,1.8
2014-03-08 05:16:01,1024.7,0.6,4.8,339.0,1.5
2014-03-08 05:17:01,1024.7,0.7,4.8,339.0,1.9
2014-03-08 05:18:01,1024.7,0.6,4.8,341.0,1.7
2014-03-08 05:19:01,1024.7,0.6,4.8,344.0,1.7
2014-03-08 05:20:01,1024.7,0.6,4.8,338.0,1.7
2014-03-08 05:21:01,1024.7,0.6,4.8,334.0,1.5
2014-03-08 05:22:01,1024.7,0.6,4.8,335.0,1.6
2014-03-08 05:23:01,1024.7,0.7,4.8,327.0,1.4
2014-03-08 05:24:01,1024.7,0.6,4.8,319.0,1.8
2014-03-08 05:25:01,1024.7,0.6,4.8,322.0,1.7
2014-03-08 05:26:01,1024.7,0.6,4.8,325.0,1.7
2014-03-08 05:27:01,1024.7,0.6,4.8,326.0,1.8
2014-03-08 05:28:01,1024.7,0.6,4.8,323.0,1.7
2014-03-08 05:29:01,1024.7,0.6,4.8,322.0,1.6
2014-03-08 05:30:01,1024.5,0.6,4.8,327.0,1.5
2014-03-08 05:31:01,1024.7,0.8,4.8,330.0,1.7
2014-03-08 05:32:01,1024.5,0.7,4.8,328.0,1.7
2014-03-08 05:33:01,1024.5,0.6,4.8,334.0,1.8
2014-03-08 05:34:01,1024.7,0.7,4.8,330.0,1.8
2014-03-08 05:35:01,1024.7,0.6,4.8,334.0,1.9
2014-03-08 05:36:01,1024.7,0.7,4.8,319.0,1.7
2014-03-08 05:37:01,1024.7,0.8,4.8,323.0,1.9
2014-03-08 05:38:01,1024.7,0.7,4.8,332.0,1.9
2014-03-08 05:39:01,1024.5,0.7,4.8,331.0,1.9
2014-03-08 05:40:01,1024.7,0.7,4.8,339.0,2.2
2014-03-08 05:41:01,1024.7,0.7,4.8,341.0,2.0
2014-03-08 05:42:01,1024.7,0.7,4.8,343.0,1.9
2014-03-08 05:43:01,1024.7,0.7,4.8,343.0,2.3
2014-03-08 05:44:01,1024.7,0.7,4.8,341.0,2.2
2014-03-08 05:45:01,1024.7,0.7,4.8,332.0,2.3
2014-03-08 05:46:01,1024.7,0.7,4.8,330.0,2.3
2014-03-08 05:47:01,1024.7,0.7,4.8,334.0,2.3
2014-03-08 05:48:01,1024.7,0.8,4.8,329.0,2.3
2014-03-08 05:49:01,1024.7,0.7,4.8,337.0,2.4
2014-03-08 05:50:01,1024.7,0.8,4.8,331.0,2.4
2014-03-08 05:51:01,1024.7,0.7,4.8,331.0,2.4
2014-03-08 05:52:01,1024.7,0.7,4.8,333.0,2.4
2014-03-08 05:53:01,1024.7,0.8,4.8,332.0,2.2
2014-03-08 05:54:01,1024.7,0.7,4.8,330.0,2.4
2014-03-08 05:55:01,1024.7,0.7,4.8,326.0,2.2
2014-03-08 05:56:01,1024.5,0.7,4.8,334.0,2.3
2014-03-08 05:57:01,1024.7,0.8,4.8,324.0,2.0
2014-03-08 05:58:01,1024.7,0.7,4.8,325.0,2.1
2014-03-08 05:59:01,1024.7,0.7,4.8,339.0,2.4
2014-03-08 06:00:01,1024.7,0.8,4.8,342.0,2.3
2014-03-08 06:01:01,1024.7,0.8,4.8,338.0,2.3
2014-03-08 06:02:01,1024.7,0.7,4.8,329.0,2.2
2014-03-08 06:03:01,1024.5,0.8,4.8,330.0,2.3
2014-03-08 06:04:01,1024.7,0.8,4.8,326.0,2.0
2014-03-08 06:05:01,1024.7,0.8,4.8,320.0,2.1
2014-03-08 06:06:01,1024.7,0.8,4.8,318.0,2.0
2014-03-08 06:07:01,1024.5,0.8,4.8,322.0,2.2
2014-03-08 06:08:01,1024.5,0.8,4.8,322.0,1.8
2014-03-08 06:09:01,1024.5,0.7,4.8,331.0,2.1
2014-03-08 06:10:01,1024.5,0.7,4.8,332.0,2.2
2014-03-08 06:11:01,1024.5,0.8,4.8,331.0,2.4
2014-03-08 06:12:01,1024.5,0.8,4.8,336.0,2.3
2014-03-08 06:13:01,1024.5,0.9,4.8,325.0,2.1
2014-03-08 06:14:01,1024.5,0.9,4.8,324.0,1.8
2014-03-08 06:15:01,1024.5,0.9,4.8,321.0,2.2
2014-03-08 06:16:01,1024.5,0.7,4.8,319.0,2.2
2014-03-08 06:17:01,1024.5,0.8,4.8,318.0,2.0
2014-03-08 06:18:01,1024.5,0.8,4.8,321.0,2.0
2014-03-08 06:19:01,1024.5,0.9,4.8,328.0,1.8
2014-03-08 06:20:01,1024.5,0.9,4.8,319.0,1.8
2014-03-08 06:21:01,1024.3,0.8,4.8,318.0,2.0
2014-03-08 06:22:01,1024.3,0.9,4.8,319.0,1.7
2014-03-08 06:23:01,1024.3,0.8,4.8,334.0,1.8
2014-03-08 06:24:01,1024.3,0.8,4.8,342.0,2.1
2014-03-08 06:25:01,1024.2,0.7,4.8,348.0,2.0
2014-03-08 06:26:01,1024.3,0.7,4.8,352.0,1.9
2014-03-08 06:27:01,1024.2,0.7,4.8,344.0,2.1
2014-03-08 06:28:01,1024.2,0.8,4.8,342.0,2.0
2014-03-08 06:29:01,1024.2,0.7,4.8,343.0,1.9
2014-03-08 06:30:01,1024.2,0.7,4.8,342.0,1.7
2014-03-08 06:31:01,1024.2,0.8,4.8,347.0,1.6
2014-03-08 06:32:01,1024.2,0.7,4.8,351.0,1.4
2014-03-08 06:33:01,1024.2,0.6,4.8,353.0,1.6
2014-03-08 06:34:01,1024.2,0.6,4.8,348.0,1.5
2014-03-08 06:35:01,1024.2,0.6,4.8,351.0,1.7
2014-03-08 06:36:01,1024.2,0.7,4.8,347.0,1.7
2014-03-08 06:37:01,1024.2,0.6,4.8,341.0,1.4
2014-03-08 06:38:01,1024.2,0.6,4.8,344.0,1.7
2014-03-08 06:39:01,1024.2,0.6,4.8,344.0,2.0
2014-03-08 06:40:01,1024.2,0.7,4.8,340.0,1.3
2014-03-08 06:41:01,1024.2,0.6,4.8,357.0,1.3
2014-03-08 06:42:01,1024.2,0.6,4.8,345.0,1.4
2014-03-08 06:43:01,1024.2,0.7,4.8,342.0,1.5
2014-03-08 06:44:01,1024.2,0.7,4.8,343.0,1.8
2014-03-08 06:45:01,1024.2,0.7,4.8,338.0,1.7
2014-03-08 06:46:01,1024.2,0.7,4.8,333.0,2.2
2014-03-08 06:47:01,1024.2,0.8,4.8,321.0,2.0
2014-03-08 06:48:01,1024.2,0.8,4.8,322.0,1.6
2014-03-08 06:49:01,1024.2,0.7,4.8,330.0,1.5
2014-03-08 06:50:01,1024.2,0.7,4.8,342.0,1.6
2014-03-08 06:51:01,1024.2,0.7,4.8,333.0,1.6
2014-03-08 06:52:01,1024.2,0.7,4.8,326.0,1.7
2014-03-08 06:53:01,1024.2,0.7,4.8,327.0,1.5
2014-03-08 06:54:01,1024.2,0.8,4.8,330.0,1.5
2014-03-08 06:55:01,1024.2,0.7,4.8,333.0,1.6
2014-03-08 06:56:01,1024.2,0.7,4.8,325.0,1.3
2014-03-08 06:57:01,1024.2,0.7,4.8,327.0,1.1
2014-03-08 06:58:01,1024.2,0.7,4.8,330.0,1.2
2014-03-08 06:59:01,1024.2,0.7,4.8,338.0,1.7
2014-03-08 07:00:01,1024.2,0.7,4.8,340.0,1.3
2014-03-08 07:01:01,1024.2,0.7,4.8,336.0,1.8
2014-03-08 07:02:01,1024.2,0.7,4.8,331.0,1.7
2014-03-08 07:03:01,1024.2,0.8,4.8,321.0,1.6
2014-03-08 07:04:01,1024.2,0.8,4.8,322.0,1.7
2014-03-08 07:05:01,1024.2,0.8,4.8,331.0,1.3
2014-03-08 07:06:01,1024.2,0.8,4.8,321.0,1.8
2014-03-08 07:07:01,1024.2,0.7,4.8,335.0,1.4
2014-03-08 07:08:01,1024.2,0.7,4.8,335.0,1.6
2014-03-08 07:09:01,1024.2,0.7,4.8,325.0,1.3
2014-03-08 07:10:01,1024.2,0.7,4.8,313.0,1.3
2014-03-08 07:11:01,1024.2,0.8,4.8,307.0,1.0
2014-03-08 07:12:01,1024.2,0.8,4.8,331.0,1.7
2014-03-08 07:13:01,1024.2,0.7,4.8,317.0,1.6
2014-03-08 07:14:01,1024.2,0.7,4.8,308.0,1.6
2014-03-08 07:15:01,1024.2,0.7,4.8,314.0,1.7
2014-03-08 07:16:01,1024.2,0.8,4.8,314.0,1.4
2014-03-08 07:17:01,1024.2,0.8,4.8,307.0,1.3
2014-03-08 07:18:01,1024.2,0.9,4.8,310.0,1.7
2014-03-08 07:19:01,1024.2,0.8,4.8,310.0,1.9
2014-03-08 07:20:01,1024.3,0.8,4.8,307.0,1.7
2014-03-08 07:21:01,1024.2,0.8,4.8,307.0,1.4
2014-03-08 07:22:01,1024.2,0.8,4.8,310.0,1.5
2014-03-08 07:23:01,1024.3,0.8,4.8,292.0,1.4
2014-03-08 07:24:01,1024.2,0.8,4.8,294.0,1.7
2014-03-08 07:25:01,1024.3,0.8,4.8,283.0,1.6
2014-03-08 07:26:01,1024.3,0.8,4.8,278.0,1.7
2014-03-08 07:27:01,1024.3,0.8,4.8,278.0,1.5
2014-03-08 07:28:01,1024.5,0.8,4.8,277.0,1.7
2014-03-08 07:29:01,1024.3,0.6,4.8,247.0,1.9
2014-03-08 07:30:01,1024.5,0.5,4.8,207.0,1.6
2014-03-08 07:31:01,1024.3,0.3,4.8,194.0,1.4
2014-03-08 07:32:01,1024.3,0.2,4.8,181.0,1.3
2014-03-08 07:33:01,1024.3,0.1,4.8,171.0,1.3
2014-03-08 07:34:01,1024.3,0.0,4.7,164.0,1.1
2014-03-08 07:35:01,1024.5,0.0,4.7,162.0,1.1
2014-03-08 07:36:01,1024.3,-0.1,4.7,151.0,1.8
2014-03-08 07:37:01,1024.3,-0.2,4.7,155.0,1.7
2014-03-08 07:38:01,1024.3,-0.2,4.7,159.0,2.1
2014-03-08 07:39:01,1024.3,-0.3,4.7,151.0,2.3
2014-03-08 07:40:01,1024.3,-0.3,4.7,148.0,2.4
2014-03-08 07:41:01,1024.3,-0.3,4.7,145.0,2.7
2014-03-08 07:42:01,1024.3,-0.3,4.7,144.0,2.2
2014-03-08 07:43:01,1024.3,-0.3,4.7,146.0,2.5
2014-03-08 07:44:01,1024.3,-0.4,4.7,148.0,2.4
2014-03-08 07:45:01,1024.3,-0.4,4.7,147.0,2.2
2014-03-08 07:46:01,1024.3,-0.4,4.7,144.0,2.5
2014-03-08 07:47:01,1024.3,-0.4,4.7,143.0,2.4
2014-03-08 07:48:01,1024.3,-0.4,4.7,144.0,2.2
9,310.0,6.9
2014-03-07 14:54:01,1026.7,0.3,4.9,305.0,6.0
2014-03-07 14:55:01,1026.7,0.5,4.9,307.0,6.4
2014-03-07 14:56:01,1026.7,0.4,4.9,303.0,6.7
2014-03-07 14:57:01,1026.7,0.4,4.9,299.0,6.4
2014-03-07 14:58:01,1026.7,0.4,4.9,297.0,6.6
2014-03-07 14:59:01,1026.7,0.4,4.9,295.0,7.5
2014-03-07 15:00:01,1026.5,0.5,4.9,296.0,6.8
2014-03-07 15:01:01,1026.7,0.4,4.9,295.0,7.5
2014-03-07 15:02:01,1026.5,0.5,4.9,295.0,7.1
2014-03-07 15:03:01,1026.5,0.3,4.9,299.0,8.2
2014-03-07 15:04:01,1026.5,0.5,4.9,303.0,8.0
2014-03-07 15:05:01,1026.7,0.5,4.9,308.0,6.8
2014-03-07 15:06:01,1026.5,0.4,4.9,307.0,6.1
2014-03-07 15:07:01,1026.5,0.4,4.9,296.0,7.6
2014-03-07 15:08:01,1026.7,0.4,4.9,302.0,6.7
